{
    "3e071a77-4a93-45f2-842a-05194b71c214": {
        "start_time": 1751335792.41034,
        "end_time": 1751336392.41034,
        "subscribers": [
            415103380466171904
        ],
        "name": "bobbbbb"
    }
}